epoch,lr-AdamW,step,test_acc,test_loss,train_acc,train_loss,val_acc,val_loss
,0.0003,0,,,,,,
0,,49,,,0.328125,1.9842358827590942,,
0,,99,,,0.3046875,1.9417636394500732,,
0,,149,,,0.40625,1.747490406036377,,
0,,199,,,0.3671875,1.729498267173767,,
0,,249,,,0.34375,1.7213325500488281,,
0,,299,,,0.3828125,1.69557523727417,,
0,,349,,,0.421875,1.5941084623336792,,
0,,350,,,,,0.4896000027656555,1.434037446975708
,0.0003,351,,,,,,
1,,399,,,0.4765625,1.443392276763916,,
1,,449,,,0.5,1.4749364852905273,,
1,,499,,,0.4296875,1.5103956460952759,,
1,,549,,,0.453125,1.4807950258255005,,
1,,599,,,0.4375,1.5840346813201904,,
1,,649,,,0.46875,1.4080067873001099,,
1,,699,,,0.59375,1.207537055015564,,
1,,701,,,,,0.5230000019073486,1.3353540897369385
,0.0003,702,,,,,,
2,,749,,,0.4921875,1.3562241792678833,,
2,,799,,,0.515625,1.3815314769744873,,
2,,849,,,0.5078125,1.322028636932373,,
2,,899,,,0.515625,1.3762043714523315,,
2,,949,,,0.546875,1.1853333711624146,,
2,,999,,,0.53125,1.3077062368392944,,
2,,1049,,,0.53125,1.301355242729187,,
2,,1052,,,,,0.5640000104904175,1.217868685722351
,0.0003,1053,,,,,,
3,,1099,,,0.5234375,1.250954270362854,,
3,,1149,,,0.5390625,1.1867213249206543,,
3,,1199,,,0.53125,1.3539317846298218,,
3,,1249,,,0.4765625,1.517259955406189,,
3,,1299,,,0.4921875,1.2734706401824951,,
3,,1349,,,0.5390625,1.0353600978851318,,
3,,1399,,,0.6484375,1.1097091436386108,,
3,,1403,,,,,0.5910000205039978,1.1662898063659668
,0.0003,1404,,,,,,
4,,1449,,,0.5546875,1.26385498046875,,
4,,1499,,,0.546875,1.2149417400360107,,
4,,1549,,,0.5234375,1.3035340309143066,,
4,,1599,,,0.53125,1.2222442626953125,,
4,,1649,,,0.6171875,1.1240732669830322,,
4,,1699,,,0.5390625,1.1784710884094238,,
4,,1749,,,0.59375,1.1986486911773682,,
4,,1754,,,,,0.5982000231742859,1.1290074586868286
,0.0003,1755,,,,,,
5,,1799,,,0.5546875,1.1761927604675293,,
5,,1849,,,0.5625,1.2733325958251953,,
5,,1899,,,0.5859375,1.1297125816345215,,
5,,1949,,,0.625,1.122670292854309,,
5,,1999,,,0.6171875,1.1591620445251465,,
5,,2049,,,0.6015625,1.0861179828643799,,
5,,2099,,,0.5703125,1.0360722541809082,,
5,,2105,,,,,0.6222000122070312,1.0724529027938843
,0.0003,2106,,,,,,
6,,2149,,,0.5859375,1.0716369152069092,,
6,,2199,,,0.5859375,1.1457632780075073,,
6,,2249,,,0.609375,1.1519341468811035,,
6,,2299,,,0.5078125,1.283191204071045,,
6,,2349,,,0.6328125,1.070022463798523,,
6,,2399,,,0.5859375,0.988801121711731,,
6,,2449,,,0.578125,1.1779338121414185,,
6,,2456,,,,,0.6276000142097473,1.0389996767044067
,0.0003,2457,,,,,,
7,,2499,,,0.671875,1.0596855878829956,,
7,,2549,,,0.6328125,1.0247418880462646,,
7,,2599,,,0.5078125,1.3378520011901855,,
7,,2649,,,0.671875,1.0427840948104858,,
7,,2699,,,0.6328125,1.1364586353302002,,
7,,2749,,,0.59375,1.1326625347137451,,
7,,2799,,,0.6484375,0.8685265779495239,,
7,,2807,,,,,0.6341999769210815,1.0455670356750488
,0.0003,2808,,,,,,
8,,2849,,,0.6875,0.9170165657997131,,
8,,2899,,,0.6328125,1.0196603536605835,,
8,,2949,,,0.640625,0.9141268730163574,,
8,,2999,,,0.6015625,1.079108476638794,,
8,,3049,,,0.6328125,1.07648766040802,,
8,,3099,,,0.6015625,1.1323312520980835,,
8,,3149,,,0.65625,0.9534838795661926,,
8,,3158,,,,,0.6381999850273132,1.0296143293380737
,0.0003,3159,,,,,,
9,,3199,,,0.6484375,1.0929756164550781,,
9,,3249,,,0.6015625,1.1130138635635376,,
9,,3299,,,0.65625,0.9512866139411926,,
9,,3349,,,0.59375,1.1470988988876343,,
9,,3399,,,0.6015625,1.114585041999817,,
9,,3449,,,0.671875,0.8656375408172607,,
9,,3499,,,0.6328125,1.0341013669967651,,
9,,3509,,,,,0.6597999930381775,0.969215452671051
,0.0003,3510,,,,,,
10,,3549,,,0.59375,0.9963355660438538,,
10,,3599,,,0.578125,1.1336034536361694,,
10,,3649,,,0.6328125,0.947069525718689,,
10,,3699,,,0.625,1.0801172256469727,,
10,,3749,,,0.65625,0.9962360262870789,,
10,,3799,,,0.6875,0.8652823567390442,,
10,,3849,,,0.6953125,0.8948588967323303,,
10,,3860,,,,,0.6618000268936157,0.9668059349060059
,0.0003,3861,,,,,,
11,,3899,,,0.6015625,1.026496171951294,,
11,,3949,,,0.578125,1.0807281732559204,,
11,,3999,,,0.6171875,1.011354923248291,,
11,,4049,,,0.609375,1.0639097690582275,,
11,,4099,,,0.65625,0.9907505512237549,,
11,,4149,,,0.65625,0.8990447521209717,,
11,,4199,,,0.6875,0.9263379573822021,,
11,,4211,,,,,0.6618000268936157,0.9484254121780396
,0.0003,4212,,,,,,
12,,4249,,,0.625,0.913865864276886,,
12,,4299,,,0.6953125,0.8917846083641052,,
12,,4349,,,0.625,1.1594347953796387,,
12,,4399,,,0.75,0.8014593720436096,,
12,,4449,,,0.6640625,1.0269527435302734,,
12,,4499,,,0.71875,0.8822933435440063,,
12,,4549,,,0.6484375,0.9135980010032654,,
12,,4562,,,,,0.6773999929428101,0.9260147213935852
,0.0003,4563,,,,,,
13,,4599,,,0.75,0.736222505569458,,
13,,4649,,,0.734375,0.7887036800384521,,
13,,4699,,,0.7109375,0.7096839547157288,,
13,,4749,,,0.6484375,0.919840395450592,,
13,,4799,,,0.7109375,0.8613872528076172,,
13,,4849,,,0.640625,1.0042474269866943,,
13,,4899,,,0.7109375,0.7349966764450073,,
13,,4913,,,,,0.6830000281333923,0.8906620144844055
,0.0003,4914,,,,,,
14,,4949,,,0.71875,0.8959161639213562,,
14,,4999,,,0.75,0.7611485123634338,,
14,,5049,,,0.7109375,0.8460808992385864,,
14,,5099,,,0.6875,0.8649717569351196,,
14,,5149,,,0.7109375,0.8616058230400085,,
14,,5199,,,0.6328125,0.9614553451538086,,
14,,5249,,,0.6953125,0.916240394115448,,
14,,5264,,,,,0.6790000200271606,0.8978410959243774
,0.0003,5265,,,,,,
15,,5299,,,0.703125,0.8388345241546631,,
15,,5349,,,0.734375,0.8459851741790771,,
15,,5399,,,0.609375,1.0669498443603516,,
15,,5449,,,0.71875,0.9043079614639282,,
15,,5499,,,0.7578125,0.823242723941803,,
15,,5549,,,0.6953125,0.867048978805542,,
15,,5599,,,0.71875,0.7412270903587341,,
15,,5615,,,,,0.6801999807357788,0.9097387790679932
,0.0003,5616,,,,,,
16,,5649,,,0.71875,0.8582760691642761,,
16,,5699,,,0.7578125,0.6499972939491272,,
16,,5749,,,0.6875,0.9180697202682495,,
16,,5799,,,0.671875,0.9225924611091614,,
16,,5849,,,0.71875,0.86332106590271,,
16,,5899,,,0.734375,0.7803159952163696,,
16,,5949,,,0.734375,0.8617312908172607,,
16,,5966,,,,,0.6988000273704529,0.8703862428665161
,0.0003,5967,,,,,,
17,,5999,,,0.7578125,0.7437822222709656,,
17,,6049,,,0.7265625,0.7563120126724243,,
17,,6099,,,0.6640625,0.992244303226471,,
17,,6149,,,0.71875,0.8109014630317688,,
17,,6199,,,0.703125,0.7018991708755493,,
17,,6249,,,0.734375,0.7264255285263062,,
17,,6299,,,0.671875,0.8740901947021484,,
17,,6317,,,,,0.6944000124931335,0.866366982460022
,0.0003,6318,,,,,,
18,,6349,,,0.671875,0.8078396916389465,,
18,,6399,,,0.734375,0.7642328143119812,,
18,,6449,,,0.734375,0.7892866134643555,,
18,,6499,,,0.71875,0.7027708292007446,,
18,,6549,,,0.703125,0.8804666996002197,,
18,,6599,,,0.625,1.028152346611023,,
18,,6649,,,0.75,0.826200008392334,,
18,,6668,,,,,0.6955999732017517,0.857719361782074
,0.0003,6669,,,,,,
19,,6699,,,0.6875,0.8879967927932739,,
19,,6749,,,0.7578125,0.7681790590286255,,
19,,6799,,,0.6640625,0.9036195278167725,,
19,,6849,,,0.7578125,0.6171354651451111,,
19,,6899,,,0.671875,0.8771388530731201,,
19,,6949,,,0.6953125,0.9189756512641907,,
19,,6999,,,0.7421875,0.7430354952812195,,
19,,7019,,,,,0.6899999976158142,0.8735061287879944
,0.0003,7020,,,,,,
20,,7049,,,0.7890625,0.701478898525238,,
20,,7099,,,0.7421875,0.7728883624076843,,
20,,7149,,,0.7578125,0.7236905694007874,,
20,,7199,,,0.703125,0.8326688408851624,,
20,,7249,,,0.7421875,0.7759714126586914,,
20,,7299,,,0.7265625,0.7677400708198547,,
20,,7349,,,0.7109375,0.7350256443023682,,
20,,7370,,,,,0.7124000191688538,0.8289639353752136
,0.0003,7371,,,,,,
21,,7399,,,0.703125,0.8050864338874817,,
21,,7449,,,0.71875,0.7257413864135742,,
21,,7499,,,0.7265625,0.6802471876144409,,
21,,7549,,,0.6796875,0.9230897426605225,,
21,,7599,,,0.71875,0.8500995635986328,,
21,,7649,,,0.640625,0.9662230014801025,,
21,,7699,,,0.75,0.6641490459442139,,
21,,7721,,,,,0.6991999745368958,0.859950602054596
,0.0003,7722,,,,,,
22,,7749,,,0.8515625,0.5213702917098999,,
22,,7799,,,0.734375,0.5952503085136414,,
22,,7849,,,0.6640625,0.8252949714660645,,
22,,7899,,,0.7265625,0.8011383414268494,,
22,,7949,,,0.65625,0.8861545324325562,,
22,,7999,,,0.7734375,0.6693348288536072,,
22,,8049,,,0.7421875,0.6970224380493164,,
22,,8072,,,,,0.7142000198364258,0.8016828298568726
,0.0003,8073,,,,,,
23,,8099,,,0.7265625,0.7211589813232422,,
23,,8149,,,0.7578125,0.7206524014472961,,
23,,8199,,,0.734375,0.7621042728424072,,
23,,8249,,,0.75,0.6410135626792908,,
23,,8299,,,0.796875,0.5449169278144836,,
23,,8349,,,0.765625,0.5689505934715271,,
23,,8399,,,0.7265625,0.7313522100448608,,
23,,8423,,,,,0.7128000259399414,0.8430099487304688
,0.0003,8424,,,,,,
24,,8449,,,0.8125,0.5060120224952698,,
24,,8499,,,0.7578125,0.7964319586753845,,
24,,8549,,,0.7421875,0.6989710330963135,,
24,,8599,,,0.7578125,0.6578840017318726,,
24,,8649,,,0.7421875,0.6542555689811707,,
24,,8699,,,0.734375,0.777681291103363,,
24,,8749,,,0.765625,0.7231391072273254,,
24,,8774,,,,,0.7166000008583069,0.8145204782485962
,0.0003,8775,,,,,,
25,,8799,,,0.78125,0.6380034685134888,,
25,,8849,,,0.8046875,0.5970414280891418,,
25,,8899,,,0.7109375,0.7719033360481262,,
25,,8949,,,0.75,0.6209779977798462,,
25,,8999,,,0.7421875,0.7940807342529297,,
25,,9049,,,0.84375,0.527387261390686,,
25,,9099,,,0.8046875,0.6013817191123962,,
25,,9125,,,,,0.7124000191688538,0.8436236381530762
,0.0003,9126,,,,,,
26,,9149,,,0.8046875,0.582541823387146,,
26,,9199,,,0.7109375,0.7844794988632202,,
26,,9249,,,0.7734375,0.627395749092102,,
26,,9299,,,0.734375,0.6882469058036804,,
26,,9349,,,0.7734375,0.6774328947067261,,
26,,9399,,,0.8125,0.603364109992981,,
26,,9449,,,0.796875,0.6537597179412842,,
26,,9476,,,,,0.7268000245094299,0.7957810163497925
,0.0003,9477,,,,,,
27,,9499,,,0.765625,0.7240920066833496,,
27,,9549,,,0.7578125,0.6267938017845154,,
27,,9599,,,0.796875,0.5357151627540588,,
27,,9649,,,0.7734375,0.6382761597633362,,
27,,9699,,,0.765625,0.6978301405906677,,
27,,9749,,,0.8125,0.6043672561645508,,
27,,9799,,,0.8203125,0.617479681968689,,
27,,9827,,,,,0.72079998254776,0.8445830345153809
,0.0003,9828,,,,,,
28,,9849,,,0.828125,0.5608950257301331,,
28,,9899,,,0.7734375,0.7134771347045898,,
28,,9949,,,0.78125,0.53081876039505,,
28,,9999,,,0.796875,0.5414124727249146,,
28,,10049,,,0.8515625,0.44720613956451416,,
28,,10099,,,0.765625,0.6288345456123352,,
28,,10149,,,0.8125,0.5492923855781555,,
28,,10178,,,,,0.7233999967575073,0.797404944896698
,0.0003,10179,,,,,,
29,,10199,,,0.8671875,0.4121845066547394,,
29,,10249,,,0.7265625,0.6247856020927429,,
29,,10299,,,0.7734375,0.573320746421814,,
29,,10349,,,0.8125,0.5667862296104431,,
29,,10399,,,0.7578125,0.6146482229232788,,
29,,10449,,,0.78125,0.6311922669410706,,
29,,10499,,,0.859375,0.4614385962486267,,
29,,10529,,,,,0.7369999885559082,0.7716208696365356
,0.0003,10530,,,,,,
30,,10549,,,0.8125,0.4666594862937927,,
30,,10599,,,0.75,0.600825846195221,,
30,,10649,,,0.7421875,0.6779763102531433,,
30,,10699,,,0.8359375,0.529095470905304,,
30,,10749,,,0.734375,0.7500473260879517,,
30,,10799,,,0.78125,0.6075835824012756,,
30,,10849,,,0.7890625,0.5795858502388,,
30,,10880,,,,,0.7383999824523926,0.754281759262085
,0.0003,10881,,,,,,
31,,10899,,,0.84375,0.42824244499206543,,
31,,10949,,,0.8125,0.5812421441078186,,
31,,10999,,,0.78125,0.5239036679267883,,
31,,11049,,,0.7734375,0.6408229470252991,,
31,,11099,,,0.7578125,0.6762107610702515,,
31,,11149,,,0.8359375,0.5070011615753174,,
31,,11199,,,0.75,0.6947465538978577,,
31,,11231,,,,,0.7268000245094299,0.8070806264877319
,0.0003,11232,,,,,,
32,,11249,,,0.8046875,0.4483949840068817,,
32,,11299,,,0.7890625,0.5287811160087585,,
32,,11349,,,0.7578125,0.6595829129219055,,
32,,11399,,,0.7890625,0.6403198838233948,,
32,,11449,,,0.765625,0.613150954246521,,
32,,11499,,,0.7734375,0.6330030560493469,,
32,,11549,,,0.7890625,0.6515297293663025,,
32,,11582,,,,,0.7307999730110168,0.8097902536392212
,0.0003,11583,,,,,,
33,,11599,,,0.859375,0.4974651336669922,,
33,,11649,,,0.7734375,0.6089718341827393,,
33,,11699,,,0.796875,0.5465786457061768,,
33,,11749,,,0.796875,0.5938185453414917,,
33,,11799,,,0.78125,0.5984711647033691,,
33,,11849,,,0.8125,0.5616627335548401,,
33,,11899,,,0.8046875,0.5570845007896423,,
33,,11933,,,,,0.7400000095367432,0.7789124846458435
,0.0003,11934,,,,,,
34,,11949,,,0.828125,0.4302562177181244,,
34,,11999,,,0.828125,0.4525112509727478,,
34,,12049,,,0.8125,0.5707591772079468,,
34,,12099,,,0.8203125,0.493118017911911,,
34,,12149,,,0.8359375,0.4802495539188385,,
34,,12199,,,0.8515625,0.49343815445899963,,
34,,12249,,,0.828125,0.48818883299827576,,
34,,12284,,,,,0.7394000291824341,0.7652629017829895
,0.0003,12285,,,,,,
35,,12299,,,0.859375,0.40174782276153564,,
35,,12349,,,0.84375,0.4650588035583496,,
35,,12399,,,0.8359375,0.4131712019443512,,
35,,12449,,,0.828125,0.4370032250881195,,
35,,12499,,,0.8046875,0.554604172706604,,
35,,12549,,,0.890625,0.3292723000049591,,
35,,12599,,,0.8125,0.5663073658943176,,
35,,12635,,,,,0.734000027179718,0.795170247554779
,0.0003,12636,,,,,,
36,,12649,,,0.828125,0.5179913640022278,,
36,,12699,,,0.859375,0.44125092029571533,,
36,,12749,,,0.84375,0.43588677048683167,,
36,,12799,,,0.828125,0.46490639448165894,,
36,,12849,,,0.8125,0.543548583984375,,
36,,12899,,,0.8359375,0.5798825621604919,,
36,,12949,,,0.8515625,0.3505594730377197,,
36,,12986,,,,,0.7516000270843506,0.7694142460823059
,0.0003,12987,,,,,,
37,,12999,,,0.859375,0.4142593741416931,,
37,,13049,,,0.8203125,0.5196552276611328,,
37,,13099,,,0.859375,0.4318734109401703,,
37,,13149,,,0.875,0.34475579857826233,,
37,,13199,,,0.8046875,0.5259528756141663,,
37,,13249,,,0.8671875,0.45411935448646545,,
37,,13299,,,0.84375,0.48229557275772095,,
37,,13337,,,,,0.7494000196456909,0.7753116488456726
,0.0003,13338,,,,,,
38,,13349,,,0.828125,0.46277934312820435,,
38,,13399,,,0.875,0.35135790705680847,,
38,,13449,,,0.828125,0.4952589273452759,,
38,,13499,,,0.84375,0.5193453431129456,,
38,,13549,,,0.8125,0.4504885673522949,,
38,,13599,,,0.8359375,0.4919717013835907,,
38,,13649,,,0.828125,0.5007506012916565,,
38,,13688,,,,,0.7422000169754028,0.8070456981658936
,0.0003,13689,,,,,,
39,,13699,,,0.875,0.39088401198387146,,
39,,13749,,,0.828125,0.42570069432258606,,
39,,13799,,,0.859375,0.4922020733356476,,
39,,13849,,,0.84375,0.4708528220653534,,
39,,13899,,,0.8046875,0.5426344871520996,,
39,,13949,,,0.84375,0.42098090052604675,,
39,,13999,,,0.8984375,0.41183581948280334,,
39,,14039,,,,,0.7360000014305115,0.8371326923370361
,0.0003,14040,,,,,,
40,,14049,,,0.8828125,0.3884677588939667,,
40,,14099,,,0.8515625,0.4264514744281769,,
40,,14149,,,0.8515625,0.44520267844200134,,
40,,14199,,,0.796875,0.474406898021698,,
40,,14249,,,0.84375,0.4482043385505676,,
40,,14299,,,0.8828125,0.32747945189476013,,
40,,14349,,,0.84375,0.49730169773101807,,
40,,14390,,,,,0.7450000047683716,0.8144019842147827
,0.0003,14391,,,,,,
41,,14399,,,0.890625,0.2901722192764282,,
41,,14449,,,0.875,0.36456429958343506,,
41,,14499,,,0.8828125,0.33148393034935,,
41,,14549,,,0.875,0.4308182895183563,,
41,,14599,,,0.8671875,0.3235940933227539,,
41,,14649,,,0.828125,0.5187021493911743,,
41,,14699,,,0.796875,0.49442851543426514,,
41,,14741,,,,,0.7480000257492065,0.7804234027862549
,0.0003,14742,,,,,,
42,,14749,,,0.875,0.34348493814468384,,
42,,14799,,,0.8046875,0.5277872085571289,,
42,,14849,,,0.8671875,0.3584751486778259,,
42,,14899,,,0.8984375,0.31703588366508484,,
42,,14949,,,0.796875,0.4801313579082489,,
42,,14999,,,0.8359375,0.5328717231750488,,
42,,15049,,,0.8828125,0.3942601680755615,,
42,,15092,,,,,0.7541999816894531,0.7846929430961609
,0.0003,15093,,,,,,
43,,15099,,,0.8359375,0.40558862686157227,,
43,,15149,,,0.8203125,0.49782371520996094,,
43,,15199,,,0.8515625,0.3610619604587555,,
43,,15249,,,0.8515625,0.4122389256954193,,
43,,15299,,,0.890625,0.3157818019390106,,
43,,15349,,,0.828125,0.4331793785095215,,
43,,15399,,,0.8515625,0.4111045300960541,,
43,,15443,,,,,0.7522000074386597,0.8104479908943176
,0.0003,15444,,,,,,
44,,15449,,,0.8203125,0.4313981533050537,,
44,,15499,,,0.859375,0.3881324529647827,,
44,,15549,,,0.8828125,0.3505474030971527,,
44,,15599,,,0.8671875,0.3725825846195221,,
44,,15649,,,0.8515625,0.4184987545013428,,
44,,15699,,,0.828125,0.5136617422103882,,
44,,15749,,,0.875,0.35982346534729004,,
44,,15794,,,,,0.7465999722480774,0.8307080864906311
,0.0003,15795,,,,,,
45,,15799,,,0.8671875,0.3335297703742981,,
45,,15849,,,0.8515625,0.42594465613365173,,
45,,15899,,,0.8203125,0.4737946093082428,,
45,,15949,,,0.9140625,0.282624214887619,,
45,,15999,,,0.84375,0.4420660734176636,,
45,,16049,,,0.859375,0.3978867828845978,,
45,,16099,,,0.875,0.322356253862381,,
45,,16145,,,,,0.754800021648407,0.807919442653656
,0.0003,16146,,,,,,
46,,16149,,,0.8671875,0.31105107069015503,,
46,,16199,,,0.875,0.3522952198982239,,
46,,16249,,,0.875,0.4291732907295227,,
46,,16299,,,0.8671875,0.3598213195800781,,
46,,16349,,,0.859375,0.3524874448776245,,
46,,16399,,,0.875,0.3446698784828186,,
46,,16449,,,0.8671875,0.40803998708724976,,
46,,16496,,,,,0.7522000074386597,0.8232387900352478
,0.0003,16497,,,,,,
47,,16499,,,0.8671875,0.3816586434841156,,
47,,16549,,,0.8671875,0.3658698499202728,,
47,,16599,,,0.859375,0.35437852144241333,,
47,,16649,,,0.8515625,0.3016195595264435,,
47,,16699,,,0.8515625,0.43062204122543335,,
47,,16749,,,0.859375,0.35908499360084534,,
47,,16799,,,0.859375,0.3654458224773407,,
47,,16847,,,,,0.7537999749183655,0.8061643838882446
,0.0003,16848,,,,,,
48,,16849,,,0.8828125,0.34426364302635193,,
48,,16899,,,0.8984375,0.28472647070884705,,
48,,16949,,,0.8515625,0.35073575377464294,,
48,,16999,,,0.8515625,0.38646969199180603,,
48,,17049,,,0.90625,0.2885650396347046,,
48,,17099,,,0.8515625,0.298210471868515,,
48,,17149,,,0.90625,0.3250857889652252,,
48,,17198,,,,,0.746399998664856,0.8367050886154175
,0.0003,17199,,,,,,
49,,17199,,,0.9140625,0.3146725296974182,,
49,,17249,,,0.9140625,0.2801927328109741,,
49,,17299,,,0.90625,0.2763141691684723,,
49,,17349,,,0.8671875,0.39718911051750183,,
49,,17399,,,0.859375,0.4118615686893463,,
49,,17449,,,0.8515625,0.3964577615261078,,
49,,17499,,,0.8125,0.4281291663646698,,
49,,17549,,,0.828125,0.5282923579216003,,
49,,17549,,,,,0.7483999729156494,0.8509487509727478
,0.0003,17550,,,,,,
50,,17599,,,0.90625,0.2666870653629303,,
50,,17649,,,0.84375,0.45512548089027405,,
50,,17699,,,0.9140625,0.29423585534095764,,
50,,17749,,,0.890625,0.3233238160610199,,
50,,17799,,,0.9140625,0.22787512838840485,,
50,,17849,,,0.84375,0.39439254999160767,,
50,,17899,,,0.8671875,0.3930954933166504,,
50,,17900,,,,,0.7545999884605408,0.8585819602012634
,0.0003,17901,,,,,,
51,,17949,,,0.8671875,0.3681086301803589,,
51,,17999,,,0.8828125,0.3053997755050659,,
51,,18049,,,0.890625,0.2690245509147644,,
51,,18099,,,0.8671875,0.3671119213104248,,
51,,18149,,,0.921875,0.238592728972435,,
51,,18199,,,0.9453125,0.18388056755065918,,
51,,18249,,,0.90625,0.26158228516578674,,
51,,18251,,,,,0.7519999742507935,0.8716608285903931
,0.0003,18252,,,,,,
52,,18299,,,0.890625,0.299602210521698,,
52,,18349,,,0.9140625,0.19452272355556488,,
52,,18399,,,0.90625,0.29911836981773376,,
52,,18449,,,0.890625,0.2312968522310257,,
52,,18499,,,0.9375,0.21227723360061646,,
52,,18549,,,0.859375,0.37463852763175964,,
52,,18599,,,0.9140625,0.21213208138942719,,
52,,18602,,,,,0.753600001335144,0.8894273638725281
,0.0003,18603,,,,,,
53,,18649,,,0.8984375,0.26384076476097107,,
53,,18699,,,0.84375,0.3274179697036743,,
53,,18749,,,0.921875,0.22419045865535736,,
53,,18799,,,0.8515625,0.3428511321544647,,
53,,18849,,,0.90625,0.2786554992198944,,
53,,18899,,,0.875,0.38726335763931274,,
53,,18949,,,0.8984375,0.30398860573768616,,
53,,18953,,,,,0.7509999871253967,0.8911840915679932
,0.0003,18954,,,,,,
54,,18999,,,0.9140625,0.23453859984874725,,
54,,19049,,,0.8828125,0.27281537652015686,,
54,,19099,,,0.859375,0.3730598986148834,,
54,,19149,,,0.8671875,0.34097373485565186,,
54,,19199,,,0.8359375,0.45072266459465027,,
54,,19249,,,0.8828125,0.30795732140541077,,
54,,19299,,,0.8984375,0.2758443355560303,,
54,,19304,,,,,0.7531999945640564,0.8697456121444702
,0.0003,19305,,,,,,
55,,19349,,,0.90625,0.27483752369880676,,
55,,19399,,,0.890625,0.3398197293281555,,
55,,19449,,,0.9140625,0.34082847833633423,,
55,,19499,,,0.8828125,0.278366357088089,,
55,,19549,,,0.9140625,0.22397519648075104,,
55,,19599,,,0.875,0.3311839699745178,,
55,,19649,,,0.8671875,0.32898780703544617,,
55,,19655,,,,,0.7599999904632568,0.8606899380683899
,0.0003,19656,,,,,,
56,,19699,,,0.921875,0.19403383135795593,,
56,,19749,,,0.8984375,0.3316039443016052,,
56,,19799,,,0.90625,0.2834395468235016,,
56,,19849,,,0.8515625,0.4053158462047577,,
56,,19899,,,0.953125,0.1452099084854126,,
56,,19949,,,0.8828125,0.30226051807403564,,
56,,19999,,,0.890625,0.27397212386131287,,
56,,20006,,,,,0.7526000142097473,0.8770530223846436
,0.0003,20007,,,,,,
57,,20049,,,0.8515625,0.34158390760421753,,
57,,20099,,,0.9140625,0.20112623274326324,,
57,,20149,,,0.8984375,0.2843064069747925,,
57,,20199,,,0.90625,0.22554178535938263,,
57,,20249,,,0.9140625,0.2045745551586151,,
57,,20299,,,0.953125,0.17811551690101624,,
57,,20349,,,0.9140625,0.3109210729598999,,
57,,20357,,,,,0.7458000183105469,0.9374658465385437
,0.0003,20358,,,,,,
58,,20399,,,0.890625,0.31166210770606995,,
58,,20449,,,0.90625,0.22263480722904205,,
58,,20499,,,0.8984375,0.2470293939113617,,
58,,20549,,,0.9140625,0.19362042844295502,,
58,,20599,,,0.890625,0.2452894002199173,,
58,,20649,,,0.890625,0.2453821301460266,,
58,,20699,,,0.875,0.3835708796977997,,
58,,20708,,,,,0.746999979019165,0.9073270559310913
,0.0003,20709,,,,,,
59,,20749,,,0.90625,0.18978698551654816,,
59,,20799,,,0.9296875,0.23697318136692047,,
59,,20849,,,0.9140625,0.24144655466079712,,
59,,20899,,,0.8828125,0.2860850393772125,,
59,,20949,,,0.921875,0.287036269903183,,
59,,20999,,,0.9140625,0.28574222326278687,,
59,,21049,,,0.90625,0.3054284453392029,,
59,,21059,,,,,0.75,0.9236997961997986
,0.0003,21060,,,,,,
60,,21099,,,0.921875,0.19166170060634613,,
60,,21149,,,0.953125,0.1931033730506897,,
60,,21199,,,0.828125,0.3850484788417816,,
60,,21249,,,0.8828125,0.3061774969100952,,
60,,21299,,,0.90625,0.25352534651756287,,
60,,21349,,,0.859375,0.31035491824150085,,
60,,21399,,,0.9140625,0.291019469499588,,
60,,21410,,,,,0.7620000243186951,0.8978685736656189
,0.0003,21411,,,,,,
61,,21449,,,0.90625,0.2783481776714325,,
61,,21499,,,0.8984375,0.24451600015163422,,
61,,21549,,,0.890625,0.2349317967891693,,
61,,21599,,,0.9140625,0.1950257122516632,,
61,,21649,,,0.8828125,0.3493393659591675,,
61,,21699,,,0.90625,0.2856941521167755,,
61,,21749,,,0.859375,0.3721212148666382,,
61,,21761,,,,,0.7534000277519226,0.9352747201919556
,0.0003,21762,,,,,,
62,,21799,,,0.875,0.2678603529930115,,
62,,21849,,,0.9140625,0.2702876031398773,,
62,,21899,,,0.9140625,0.2821432948112488,,
62,,21949,,,0.9375,0.16287823021411896,,
62,,21999,,,0.9375,0.18238475918769836,,
62,,22049,,,0.90625,0.3102776110172272,,
62,,22099,,,0.90625,0.2744574546813965,,
62,,22112,,,,,0.748199999332428,0.940595805644989
,0.0003,22113,,,,,,
63,,22149,,,0.9375,0.16682863235473633,,
63,,22199,,,0.9453125,0.16846507787704468,,
63,,22249,,,0.953125,0.1340218037366867,,
63,,22299,,,0.875,0.3134618401527405,,
63,,22349,,,0.9375,0.16662326455116272,,
63,,22399,,,0.8984375,0.28361696004867554,,
63,,22449,,,0.9140625,0.21332913637161255,,
63,,22463,,,,,0.7694000005722046,0.9057880640029907
,0.0003,22464,,,,,,
64,,22499,,,0.8828125,0.2923031151294708,,
64,,22549,,,0.90625,0.2304546982049942,,
64,,22599,,,0.9375,0.17840218544006348,,
64,,22649,,,0.953125,0.14274583756923676,,
64,,22699,,,0.9140625,0.21790342032909393,,
64,,22749,,,0.890625,0.250393271446228,,
64,,22799,,,0.9296875,0.16023288667201996,,
64,,22814,,,,,0.7562000155448914,0.9563202857971191
,0.0003,22815,,,,,,
65,,22849,,,0.953125,0.1667640507221222,,
65,,22899,,,0.9140625,0.23948320746421814,,
65,,22949,,,0.9296875,0.1919979304075241,,
65,,22999,,,0.8828125,0.24000190198421478,,
65,,23049,,,0.9296875,0.2083069384098053,,
65,,23099,,,0.984375,0.09217860549688339,,
65,,23149,,,0.9375,0.1957998126745224,,
65,,23165,,,,,0.7577999830245972,0.9134501814842224
,0.0003,23166,,,,,,
66,,23199,,,0.9296875,0.18710312247276306,,
66,,23249,,,0.9296875,0.17817747592926025,,
66,,23299,,,0.921875,0.21495157480239868,,
66,,23349,,,0.8828125,0.2461339235305786,,
66,,23399,,,0.9453125,0.19974158704280853,,
66,,23449,,,0.9375,0.16644689440727234,,
66,,23499,,,0.90625,0.24357472360134125,,
66,,23516,,,,,0.754800021648407,0.9528887867927551
,0.0003,23517,,,,,,
67,,23549,,,0.9453125,0.19348816573619843,,
67,,23599,,,0.9296875,0.23517578840255737,,
67,,23649,,,0.9375,0.15892410278320312,,
67,,23699,,,0.8984375,0.2837197184562683,,
67,,23749,,,0.9296875,0.26049625873565674,,
67,,23799,,,0.9296875,0.19834639132022858,,
67,,23849,,,0.921875,0.19661690294742584,,
67,,23867,,,,,0.7623999714851379,0.9026447534561157
,0.0003,23868,,,,,,
68,,23899,,,0.890625,0.22021393477916718,,
68,,23949,,,0.9296875,0.23612840473651886,,
68,,23999,,,0.8984375,0.3129371702671051,,
68,,24049,,,0.8984375,0.2568703591823578,,
68,,24099,,,0.953125,0.1625547707080841,,
68,,24149,,,0.9140625,0.260196328163147,,
68,,24199,,,0.8828125,0.2381637841463089,,
68,,24218,,,,,0.7559999823570251,0.9829967617988586
,0.0003,24219,,,,,,
69,,24249,,,0.90625,0.21518173813819885,,
69,,24299,,,0.9375,0.14468716084957123,,
69,,24349,,,0.9140625,0.22703732550144196,,
69,,24399,,,0.9296875,0.22237291932106018,,
69,,24449,,,0.9375,0.18134282529354095,,
69,,24499,,,0.9140625,0.26381176710128784,,
69,,24549,,,0.9375,0.17204421758651733,,
69,,24569,,,,,0.7554000020027161,0.999018669128418
,0.0003,24570,,,,,,
70,,24599,,,0.9296875,0.19844219088554382,,
70,,24649,,,0.9609375,0.1668757051229477,,
70,,24699,,,0.9453125,0.13941319286823273,,
70,,24749,,,0.9453125,0.15359407663345337,,
70,,24799,,,0.9453125,0.16945414245128632,,
70,,24849,,,0.9296875,0.2011120468378067,,
70,,24899,,,0.9140625,0.19880671799182892,,
70,,24920,,,,,0.760200023651123,0.9593690633773804
,0.0003,24921,,,,,,
71,,24949,,,0.9375,0.17871308326721191,,
71,,24999,,,0.9296875,0.24027767777442932,,
71,,25049,,,0.9609375,0.11152242869138718,,
71,,25099,,,0.9140625,0.17281068861484528,,
71,,25149,,,0.9296875,0.20924575626850128,,
71,,25199,,,0.953125,0.1650678664445877,,
71,,25249,,,0.8984375,0.20550668239593506,,
71,,25271,,,,,0.7465999722480774,1.0195425748825073
,0.0003,25272,,,,,,
72,,25299,,,0.9375,0.2210843414068222,,
72,,25349,,,0.9609375,0.11904741823673248,,
72,,25399,,,0.8671875,0.29740458726882935,,
72,,25449,,,0.9375,0.16256588697433472,,
72,,25499,,,0.8984375,0.19661158323287964,,
72,,25549,,,0.90625,0.20987725257873535,,
72,,25599,,,0.890625,0.24208036065101624,,
72,,25622,,,,,0.7656000256538391,0.959854781627655
,0.0003,25623,,,,,,
73,,25649,,,0.9609375,0.1254061609506607,,
73,,25699,,,0.96875,0.08836468309164047,,
73,,25749,,,0.9296875,0.2328593134880066,,
73,,25799,,,0.9296875,0.15347488224506378,,
73,,25849,,,0.9140625,0.204972043633461,,
73,,25899,,,0.9453125,0.1521657556295395,,
73,,25949,,,0.9609375,0.15869805216789246,,
73,,25973,,,,,0.7544000148773193,0.9904142618179321
,0.0003,25974,,,,,,
74,,25999,,,0.9375,0.14622874557971954,,
74,,26049,,,0.953125,0.22330154478549957,,
74,,26099,,,0.9140625,0.17167332768440247,,
74,,26149,,,0.9453125,0.13339613378047943,,
74,,26199,,,0.953125,0.18341204524040222,,
74,,26249,,,0.9296875,0.22757908701896667,,
74,,26299,,,0.9609375,0.13127245008945465,,
74,,26324,,,,,0.7599999904632568,0.9799290895462036
,0.0003,26325,,,,,,
75,,26349,,,0.96875,0.08572500199079514,,
75,,26399,,,0.9375,0.1871415227651596,,
75,,26449,,,0.90625,0.1829776018857956,,
75,,26499,,,0.953125,0.2310364544391632,,
75,,26549,,,0.953125,0.13117648661136627,,
75,,26599,,,0.8984375,0.2438170313835144,,
75,,26649,,,0.953125,0.11049538105726242,,
75,,26675,,,,,0.7630000114440918,1.005005121231079
,0.0003,26676,,,,,,
76,,26699,,,0.953125,0.11692345887422562,,
76,,26749,,,0.953125,0.12323614954948425,,
76,,26799,,,0.9453125,0.17339521646499634,,
76,,26849,,,0.9453125,0.1471935361623764,,
76,,26899,,,0.921875,0.1865827590227127,,
76,,26949,,,0.9453125,0.1726362705230713,,
76,,26999,,,0.90625,0.24385535717010498,,
76,,27026,,,,,0.7623999714851379,0.9816358685493469
,0.0003,27027,,,,,,
77,,27049,,,0.8984375,0.2881137430667877,,
77,,27099,,,0.9765625,0.10375084728002548,,
77,,27149,,,0.9609375,0.1871611475944519,,
77,,27199,,,0.96875,0.10086613148450851,,
77,,27249,,,0.9296875,0.17263123393058777,,
77,,27299,,,0.96875,0.11844705045223236,,
77,,27349,,,0.9296875,0.1277891844511032,,
77,,27377,,,,,0.7508000135421753,1.0407204627990723
,0.0003,27378,,,,,,
78,,27399,,,0.953125,0.14554980397224426,,
78,,27449,,,0.953125,0.12081445753574371,,
78,,27499,,,0.9140625,0.20628556609153748,,
78,,27549,,,0.9609375,0.12348014116287231,,
78,,27599,,,0.953125,0.09056569635868073,,
78,,27649,,,0.96875,0.1307755410671234,,
78,,27699,,,0.9453125,0.16699835658073425,,
78,,27728,,,,,0.7652000188827515,1.0230131149291992
,0.0003,27729,,,,,,
79,,27749,,,0.9453125,0.16668662428855896,,
79,,27799,,,0.9765625,0.06472186744213104,,
79,,27849,,,0.9296875,0.23672907054424286,,
79,,27899,,,0.9609375,0.15782864391803741,,
79,,27949,,,0.9296875,0.12942327558994293,,
79,,27999,,,0.9609375,0.11946378648281097,,
79,,28049,,,0.9453125,0.19767896831035614,,
79,,28079,,,,,0.7585999965667725,0.9999080896377563
,0.0003,28080,,,,,,
80,,28099,,,0.9140625,0.18799692392349243,,
80,,28149,,,0.9453125,0.14635837078094482,,
80,,28199,,,0.953125,0.10917220264673233,,
80,,28249,,,0.9140625,0.20793449878692627,,
80,,28299,,,0.9375,0.24404338002204895,,
80,,28349,,,0.9140625,0.2852037847042084,,
80,,28399,,,0.890625,0.265553742647171,,
80,,28430,,,,,0.760200023651123,1.0344526767730713
,0.0003,28431,,,,,,
81,,28449,,,0.9375,0.16055083274841309,,
81,,28499,,,0.9453125,0.20043042302131653,,
81,,28549,,,0.9296875,0.15323558449745178,,
81,,28599,,,0.953125,0.17313030362129211,,
81,,28649,,,0.96875,0.10094501078128815,,
81,,28699,,,0.9453125,0.17584416270256042,,
81,,28749,,,0.9296875,0.1574682891368866,,
81,,28781,,,,,0.7685999870300293,1.001892328262329
,0.0003,28782,,,,,,
82,,28799,,,0.921875,0.1624191254377365,,
82,,28849,,,0.90625,0.2118654102087021,,
82,,28899,,,0.9609375,0.1316957324743271,,
82,,28949,,,0.921875,0.2200412154197693,,
82,,28999,,,0.96875,0.15581008791923523,,
82,,29049,,,0.921875,0.23746410012245178,,
82,,29099,,,0.90625,0.2193782776594162,,
82,,29132,,,,,0.7612000107765198,1.0168983936309814
,0.0003,29133,,,,,,
83,,29149,,,0.9609375,0.11271514743566513,,
83,,29199,,,0.953125,0.13218066096305847,,
83,,29249,,,0.953125,0.13118746876716614,,
83,,29299,,,0.9609375,0.19070564210414886,,
83,,29349,,,0.9609375,0.13108983635902405,,
83,,29399,,,0.953125,0.09099403023719788,,
83,,29449,,,0.9453125,0.21680691838264465,,
83,,29483,,,,,0.7570000290870667,1.060957431793213
,0.0003,29484,,,,,,
84,,29499,,,0.953125,0.1772431582212448,,
84,,29549,,,0.9609375,0.08452894538640976,,
84,,29599,,,0.9453125,0.12246417999267578,,
84,,29649,,,0.9609375,0.12319432944059372,,
84,,29699,,,0.96875,0.12019247561693192,,
84,,29749,,,0.9609375,0.12452282011508942,,
84,,29799,,,0.9609375,0.10460390895605087,,
84,,29834,,,,,0.7522000074386597,1.0690189599990845
,0.0003,29835,,,,,,
85,,29849,,,0.921875,0.19111283123493195,,
85,,29899,,,0.953125,0.155065655708313,,
85,,29949,,,0.921875,0.1611136794090271,,
85,,29999,,,0.9375,0.21675258874893188,,
85,,30049,,,0.953125,0.14203806221485138,,
85,,30099,,,0.9453125,0.18800939619541168,,
85,,30149,,,0.9296875,0.1744002103805542,,
85,,30185,,,,,0.7558000087738037,1.0159332752227783
,0.0003,30186,,,,,,
86,,30199,,,0.96875,0.14639955759048462,,
86,,30249,,,0.921875,0.16895407438278198,,
86,,30299,,,0.9765625,0.08380606770515442,,
86,,30349,,,0.921875,0.17756077647209167,,
86,,30399,,,0.9375,0.18197694420814514,,
86,,30449,,,0.9296875,0.18291008472442627,,
86,,30499,,,0.9609375,0.10628765821456909,,
86,,30536,,,,,0.7555999755859375,1.0299512147903442
,0.0003,30537,,,,,,
87,,30549,,,0.9453125,0.14490462839603424,,
87,,30599,,,0.9296875,0.1623765379190445,,
87,,30649,,,0.921875,0.22586216032505035,,
87,,30699,,,0.9609375,0.15719467401504517,,
87,,30749,,,0.9609375,0.09798566997051239,,
87,,30799,,,0.921875,0.14416134357452393,,
87,,30849,,,0.9296875,0.13813160359859467,,
87,,30887,,,,,0.7555999755859375,1.0508545637130737
,0.0003,30888,,,,,,
88,,30899,,,0.9375,0.14850547909736633,,
88,,30949,,,0.9375,0.1536463499069214,,
88,,30999,,,0.921875,0.18257735669612885,,
88,,31049,,,0.9375,0.1883247047662735,,
88,,31099,,,0.9453125,0.16448457539081573,,
88,,31149,,,0.9453125,0.14102818071842194,,
88,,31199,,,0.9296875,0.14065448939800262,,
88,,31238,,,,,0.7559999823570251,1.0504122972488403
,0.0003,31239,,,,,,
89,,31249,,,0.9453125,0.13455215096473694,,
89,,31299,,,0.96875,0.10189233720302582,,
89,,31349,,,0.9609375,0.13192437589168549,,
89,,31399,,,0.96875,0.1043105348944664,,
89,,31449,,,0.9453125,0.13982002437114716,,
89,,31499,,,0.9609375,0.14340251684188843,,
89,,31549,,,0.9296875,0.17891034483909607,,
89,,31589,,,,,0.7639999985694885,1.0311145782470703
,0.0003,31590,,,,,,
90,,31599,,,0.9921875,0.05283420532941818,,
90,,31649,,,0.953125,0.13861459493637085,,
90,,31699,,,0.9609375,0.15742236375808716,,
90,,31749,,,0.9453125,0.09210798144340515,,
90,,31799,,,0.9765625,0.08980798721313477,,
90,,31849,,,0.9453125,0.1289927065372467,,
90,,31899,,,0.9140625,0.16249407827854156,,
90,,31940,,,,,0.7595999836921692,1.058313250541687
,0.0003,31941,,,,,,
91,,31949,,,0.984375,0.06302555650472641,,
91,,31999,,,0.96875,0.12643451988697052,,
91,,32049,,,0.921875,0.16134598851203918,,
91,,32099,,,0.96875,0.10990902781486511,,
91,,32149,,,0.96875,0.1350896954536438,,
91,,32199,,,0.953125,0.13526158034801483,,
91,,32249,,,0.921875,0.20492224395275116,,
91,,32291,,,,,0.7573999762535095,1.0782661437988281
,0.0003,32292,,,,,,
92,,32299,,,0.984375,0.044578973203897476,,
92,,32349,,,0.9609375,0.11187175661325455,,
92,,32399,,,0.9609375,0.09365186840295792,,
92,,32449,,,0.9609375,0.13311685621738434,,
92,,32499,,,0.9375,0.1385829746723175,,
92,,32549,,,0.9296875,0.23709142208099365,,
92,,32599,,,0.984375,0.08644218742847443,,
92,,32642,,,,,0.7588000297546387,1.0539660453796387
,0.0003,32643,,,,,,
93,,32649,,,0.9765625,0.07410518079996109,,
93,,32699,,,0.9375,0.1429620385169983,,
93,,32749,,,0.9765625,0.09432927519083023,,
93,,32799,,,0.96875,0.10626821219921112,,
93,,32849,,,0.921875,0.23786216974258423,,
93,,32899,,,0.96875,0.08826251327991486,,
93,,32949,,,0.96875,0.11167394369840622,,
93,,32993,,,,,0.76419997215271,1.029762625694275
,0.0003,32994,,,,,,
94,,32999,,,0.9453125,0.12961871922016144,,
94,,33049,,,0.96875,0.10590136796236038,,
94,,33099,,,0.953125,0.13581936061382294,,
94,,33149,,,0.953125,0.10482954233884811,,
94,,33199,,,0.953125,0.1421610713005066,,
94,,33249,,,0.9609375,0.1861949861049652,,
94,,33299,,,0.9609375,0.1330917775630951,,
94,,33344,,,,,0.7576000094413757,1.067225456237793
,0.0003,33345,,,,,,
95,,33349,,,0.9140625,0.19098620116710663,,
95,,33399,,,0.9296875,0.15910519659519196,,
95,,33449,,,0.9296875,0.18067792057991028,,
95,,33499,,,0.9453125,0.12752190232276917,,
95,,33549,,,0.921875,0.14885251224040985,,
95,,33599,,,0.9296875,0.1872243881225586,,
95,,33649,,,0.9765625,0.06913216412067413,,
95,,33695,,,,,0.7580000162124634,1.0579607486724854
,0.0003,33696,,,,,,
96,,33699,,,0.984375,0.052132103592157364,,
96,,33749,,,0.96875,0.09675327688455582,,
96,,33799,,,0.9609375,0.1229737251996994,,
96,,33849,,,0.9453125,0.11058299243450165,,
96,,33899,,,0.9296875,0.20720909535884857,,
96,,33949,,,0.96875,0.09521263092756271,,
96,,33999,,,0.9609375,0.13756880164146423,,
96,,34046,,,,,0.7599999904632568,1.054826021194458
,0.0003,34047,,,,,,
97,,34049,,,0.9609375,0.09735642373561859,,
97,,34099,,,0.9609375,0.13899223506450653,,
97,,34149,,,0.9453125,0.17618386447429657,,
97,,34199,,,0.9609375,0.1349038928747177,,
97,,34249,,,0.9453125,0.1750311702489853,,
97,,34299,,,0.9296875,0.10826325416564941,,
97,,34349,,,0.9765625,0.09983713179826736,,
97,,34397,,,,,0.7577999830245972,1.0737899541854858
,0.0003,34398,,,,,,
98,,34399,,,0.9296875,0.1489100456237793,,
98,,34449,,,0.9765625,0.05899893492460251,,
98,,34499,,,0.984375,0.06554282456636429,,
98,,34549,,,0.9296875,0.14236487448215485,,
98,,34599,,,0.9375,0.16090916097164154,,
98,,34649,,,0.9765625,0.08619258552789688,,
98,,34699,,,0.9375,0.17945952713489532,,
98,,34748,,,,,0.7627999782562256,1.0801182985305786
,0.0003,34749,,,,,,
99,,34749,,,0.96875,0.1193947046995163,,
99,,34799,,,0.953125,0.08765006810426712,,
99,,34849,,,0.96875,0.05541001632809639,,
99,,34899,,,0.96875,0.1066025123000145,,
99,,34949,,,0.9453125,0.11695362627506256,,
99,,34999,,,0.953125,0.13811060786247253,,
99,,35049,,,0.9375,0.15617188811302185,,
99,,35099,,,0.953125,0.12344587594270706,,
99,,35099,,,,,0.7716000080108643,1.052020788192749
,2.9999999999999997e-05,35100,,,,,,
100,,35149,,,0.9765625,0.08284768462181091,,
100,,35199,,,0.9765625,0.07050486654043198,,
100,,35249,,,0.984375,0.05206146091222763,,
100,,35299,,,0.984375,0.046386487782001495,,
100,,35349,,,0.953125,0.120638407766819,,
100,,35399,,,0.953125,0.10392159968614578,,
100,,35449,,,0.984375,0.0465671643614769,,
100,,35450,,,,,0.777400016784668,1.0168352127075195
,2.9999999999999997e-05,35451,,,,,,
101,,35499,,,0.984375,0.05641273781657219,,
101,,35549,,,0.9765625,0.041658420115709305,,
101,,35599,,,0.984375,0.03927384689450264,,
101,,35649,,,0.984375,0.041426245123147964,,
101,,35699,,,0.984375,0.04687352478504181,,
101,,35749,,,0.984375,0.043251510709524155,,
101,,35799,,,0.9765625,0.06719370186328888,,
101,,35801,,,,,0.7793999910354614,1.0272672176361084
,2.9999999999999997e-05,35802,,,,,,
102,,35849,,,0.984375,0.0390661358833313,,
102,,35899,,,0.9921875,0.034469280391931534,,
102,,35949,,,0.9921875,0.03580816462635994,,
102,,35999,,,0.9921875,0.03582882136106491,,
102,,36049,,,0.9765625,0.05755126476287842,,
102,,36099,,,0.9765625,0.052719682455062866,,
102,,36149,,,0.9765625,0.044796109199523926,,
102,,36152,,,,,0.7785999774932861,1.0335155725479126
,2.9999999999999997e-05,36153,,,,,,
103,,36199,,,0.9921875,0.03612683340907097,,
103,,36249,,,0.9765625,0.051193974912166595,,
103,,36299,,,1.0,0.02215121127665043,,
103,,36349,,,0.9921875,0.0336008258163929,,
103,,36399,,,0.984375,0.03195958957076073,,
103,,36449,,,0.9921875,0.024567201733589172,,
103,,36499,,,0.9765625,0.06338285654783249,,
103,,36503,,,,,0.781000018119812,1.0455846786499023
,2.9999999999999997e-05,36504,,,,,,
104,,36549,,,0.9765625,0.054153017699718475,,
104,,36599,,,0.984375,0.06739118695259094,,
104,,36649,,,0.9765625,0.04858706519007683,,
104,,36699,,,0.984375,0.03726719319820404,,
104,,36749,,,0.984375,0.05848931521177292,,
104,,36799,,,0.9921875,0.018902448937296867,,
104,,36849,,,0.96875,0.07968849688768387,,
104,,36854,,,,,0.7802000045776367,1.054823875427246
,2.9999999999999997e-05,36855,,,,,,
105,,36899,,,0.984375,0.06296568363904953,,
105,,36949,,,0.9921875,0.02848132885992527,,
105,,36999,,,0.9765625,0.036512769758701324,,
105,,37049,,,0.9765625,0.07151103019714355,,
105,,37099,,,0.984375,0.041362158954143524,,
105,,37149,,,0.9921875,0.04108729586005211,,
105,,37199,,,0.984375,0.04704854637384415,,
105,,37205,,,,,0.7803999781608582,1.0590617656707764
,2.9999999999999997e-05,37206,,,,,,
106,,37249,,,0.9921875,0.025795551016926765,,
106,,37299,,,1.0,0.015649573877453804,,
106,,37349,,,0.9921875,0.03412287309765816,,
106,,37399,,,0.9921875,0.023759564384818077,,
106,,37449,,,0.9921875,0.01983565278351307,,
106,,37499,,,0.9765625,0.05775886029005051,,
106,,37549,,,0.9765625,0.07199785113334656,,
106,,37556,,,,,0.7793999910354614,1.0527151823043823
,2.9999999999999997e-05,37557,,,,,,
107,,37599,,,1.0,0.009360047988593578,,
107,,37649,,,0.9921875,0.032170314341783524,,
107,,37699,,,0.9921875,0.02551095560193062,,
107,,37749,,,0.984375,0.030512185767292976,,
107,,37799,,,0.9921875,0.03915092349052429,,
107,,37849,,,0.9921875,0.05011260136961937,,
107,,37899,,,1.0,0.02256552316248417,,
107,,37907,,,,,0.7807999849319458,1.0678380727767944
,2.9999999999999997e-05,37908,,,,,,
108,,37949,,,0.984375,0.04656456410884857,,
108,,37999,,,0.9921875,0.015359626151621342,,
108,,38049,,,0.9921875,0.03125760704278946,,
108,,38099,,,1.0,0.0318431593477726,,
108,,38149,,,0.9921875,0.04125179722905159,,
108,,38199,,,1.0,0.010005064308643341,,
108,,38249,,,0.984375,0.05719291791319847,,
108,,38258,,,,,0.7803999781608582,1.0822914838790894
,2.9999999999999997e-05,38259,,,,,,
109,,38299,,,0.9921875,0.05026530101895332,,
109,,38349,,,0.984375,0.05262305960059166,,
109,,38399,,,1.0,0.013015789911150932,,
109,,38449,,,0.96875,0.061378113925457,,
109,,38499,,,0.9921875,0.04465031623840332,,
109,,38549,,,1.0,0.03003133460879326,,
109,,38599,,,0.9765625,0.05490332469344139,,
109,,38609,,,,,0.7821999788284302,1.0842833518981934
,2.9999999999999997e-05,38610,,,,,,
110,,38649,,,0.984375,0.06750848889350891,,
110,,38699,,,1.0,0.01491888053715229,,
110,,38749,,,0.984375,0.025144226849079132,,
110,,38799,,,0.9921875,0.06515578180551529,,
110,,38849,,,0.953125,0.07266633212566376,,
110,,38899,,,0.984375,0.03997088596224785,,
110,,38949,,,0.984375,0.040823183953762054,,
110,,38960,,,,,0.7778000235557556,1.1034740209579468
,2.9999999999999997e-05,38961,,,,,,
111,,38999,,,1.0,0.010100709274411201,,
111,,39049,,,0.984375,0.034130122512578964,,
111,,39099,,,1.0,0.029308242723345757,,
111,,39149,,,0.984375,0.02666192501783371,,
111,,39199,,,0.984375,0.04378044605255127,,
111,,39249,,,1.0,0.01675398275256157,,
111,,39299,,,0.9921875,0.03697777912020683,,
111,,39311,,,,,0.7742000222206116,1.1075127124786377
,2.9999999999999997e-05,39312,,,,,,
112,,39349,,,0.984375,0.03171832114458084,,
112,,39399,,,0.984375,0.03131561353802681,,
112,,39449,,,1.0,0.019137965515255928,,
112,,39499,,,0.9921875,0.03534555807709694,,
112,,39549,,,0.9921875,0.04267040267586708,,
112,,39599,,,0.984375,0.045882418751716614,,
112,,39649,,,0.984375,0.045092999935150146,,
112,,39662,,,,,0.7771999835968018,1.118250846862793
,2.9999999999999997e-05,39663,,,,,,
113,,39699,,,1.0,0.011300663463771343,,
113,,39749,,,0.984375,0.03710751608014107,,
113,,39799,,,0.9765625,0.05252603068947792,,
113,,39849,,,0.984375,0.04774307832121849,,
113,,39899,,,0.984375,0.056482985615730286,,
113,,39949,,,0.9765625,0.07313938438892365,,
113,,39999,,,0.9921875,0.02973383478820324,,
113,,40013,,,,,0.7797999978065491,1.1160080432891846
,2.9999999999999997e-05,40014,,,,,,
114,,40049,,,0.984375,0.024981750175356865,,
114,,40099,,,0.984375,0.04742959886789322,,
114,,40149,,,0.9921875,0.059648074209690094,,
114,,40199,,,0.9765625,0.04677995294332504,,
114,,40249,,,1.0,0.02381301485002041,,
114,,40299,,,1.0,0.018150536343455315,,
114,,40349,,,0.9765625,0.07074759155511856,,
114,,40364,,,,,0.7788000106811523,1.1159236431121826
,2.9999999999999997e-05,40365,,,,,,
115,,40399,,,0.984375,0.050005439668893814,,
115,,40449,,,1.0,0.016955621540546417,,
115,,40499,,,0.96875,0.07507212460041046,,
115,,40549,,,0.96875,0.04168381541967392,,
115,,40599,,,0.9921875,0.026593608781695366,,
115,,40649,,,0.9921875,0.024673404172062874,,
115,,40699,,,0.984375,0.0653798058629036,,
115,,40715,,,,,0.7788000106811523,1.1275261640548706
,2.9999999999999997e-05,40716,,,,,,
116,,40749,,,0.9921875,0.031257130205631256,,
116,,40799,,,0.984375,0.037678904831409454,,
116,,40849,,,0.984375,0.020313018932938576,,
116,,40899,,,0.9921875,0.016116350889205933,,
116,,40949,,,0.9921875,0.02971159666776657,,
116,,40999,,,0.984375,0.052954766899347305,,
116,,41049,,,0.9921875,0.017555702477693558,,
116,,41066,,,,,0.77920001745224,1.1278102397918701
,2.9999999999999997e-05,41067,,,,,,
117,,41099,,,1.0,0.00846819207072258,,
117,,41149,,,0.984375,0.032202884554862976,,
117,,41199,,,0.9921875,0.02951718308031559,,
117,,41249,,,0.9921875,0.018719609826803207,,
117,,41299,,,0.9921875,0.04598794877529144,,
117,,41349,,,0.984375,0.04870430752635002,,
117,,41399,,,0.984375,0.030996957793831825,,
117,,41417,,,,,0.7778000235557556,1.1509521007537842
,2.9999999999999997e-05,41418,,,,,,
118,,41449,,,1.0,0.024508507922291756,,
118,,41499,,,0.9921875,0.027498440816998482,,
118,,41549,,,0.96875,0.07887071371078491,,
118,,41599,,,0.9921875,0.02949928678572178,,
118,,41649,,,1.0,0.00782914087176323,,
118,,41699,,,0.9921875,0.030332420021295547,,
118,,41749,,,1.0,0.013680025935173035,,
118,,41768,,,,,0.7803999781608582,1.1506671905517578
,2.9999999999999997e-05,41769,,,,,,
119,,41799,,,0.9921875,0.02758992835879326,,
119,,41849,,,0.9921875,0.01870025508105755,,
119,,41899,,,1.0,0.016207661479711533,,
119,,41949,,,0.9921875,0.03366558998823166,,
119,,41999,,,0.984375,0.02485065720975399,,
119,,42049,,,0.9921875,0.019152995198965073,,
119,,42099,,,0.984375,0.05160931870341301,,
119,,42119,,,,,0.7785999774932861,1.159624695777893
,2.9999999999999997e-05,42120,,,,,,
120,,42149,,,1.0,0.029579991474747658,,
120,,42199,,,0.9921875,0.01998508721590042,,
120,,42249,,,0.9921875,0.039033789187669754,,
120,,42299,,,0.96875,0.06026580557227135,,
120,,42349,,,0.9921875,0.03183978796005249,,
120,,42399,,,1.0,0.015653543174266815,,
120,,42449,,,1.0,0.021916553378105164,,
120,,42470,,,,,0.782800018787384,1.1649858951568604
,2.9999999999999997e-05,42471,,,,,,
121,,42499,,,0.9921875,0.04523107036948204,,
121,,42549,,,0.9921875,0.04138889163732529,,
121,,42599,,,0.984375,0.03943405672907829,,
121,,42649,,,0.9921875,0.02501934953033924,,
121,,42699,,,1.0,0.023802490904927254,,
121,,42749,,,0.984375,0.03432429954409599,,
121,,42799,,,1.0,0.02448165789246559,,
121,,42821,,,,,0.7821999788284302,1.1603585481643677
,2.9999999999999997e-05,42822,,,,,,
122,,42849,,,0.984375,0.06387058645486832,,
122,,42899,,,0.9921875,0.020830227062106133,,
122,,42949,,,0.9921875,0.029896926134824753,,
122,,42999,,,1.0,0.006806942168623209,,
122,,43049,,,0.9921875,0.02996574528515339,,
122,,43099,,,0.984375,0.031059836968779564,,
122,,43149,,,0.984375,0.03630656376481056,,
122,,43172,,,,,0.77920001745224,1.17458176612854
,2.9999999999999997e-05,43173,,,,,,
123,,43199,,,0.9765625,0.07156512141227722,,
123,,43249,,,0.9921875,0.028604581952095032,,
123,,43299,,,0.9921875,0.023812539875507355,,
123,,43349,,,1.0,0.011526607908308506,,
123,,43399,,,0.9921875,0.015033353120088577,,
123,,43449,,,0.9765625,0.07182765752077103,,
123,,43499,,,0.9921875,0.021236157044768333,,
123,,43523,,,,,0.7788000106811523,1.1867636442184448
,2.9999999999999997e-05,43524,,,,,,
124,,43549,,,0.9921875,0.01934288814663887,,
124,,43599,,,1.0,0.01733463630080223,,
124,,43649,,,1.0,0.019472530111670494,,
124,,43699,,,1.0,0.00575536722317338,,
124,,43749,,,0.984375,0.03181460499763489,,
124,,43799,,,1.0,0.014168797992169857,,
124,,43849,,,1.0,0.012044033035635948,,
124,,43874,,,,,0.7785999774932861,1.1867878437042236
,2.9999999999999997e-05,43875,,,,,,
125,,43899,,,0.9921875,0.029156947508454323,,
125,,43949,,,1.0,0.0170531515032053,,
125,,43999,,,1.0,0.00850750133395195,,
125,,44049,,,0.9921875,0.027991345152258873,,
125,,44099,,,1.0,0.008622941561043262,,
125,,44149,,,1.0,0.015329024754464626,,
125,,44199,,,0.9921875,0.011811145581305027,,
125,,44225,,,,,0.7806000113487244,1.183547854423523
,2.9999999999999997e-05,44226,,,,,,
126,,44249,,,0.9921875,0.0473802387714386,,
126,,44299,,,0.96875,0.048492126166820526,,
126,,44349,,,1.0,0.007688089739531279,,
126,,44399,,,0.9921875,0.053473033010959625,,
126,,44449,,,1.0,0.018930776044726372,,
126,,44499,,,0.984375,0.05171939730644226,,
126,,44549,,,0.9921875,0.019308865070343018,,
126,,44576,,,,,0.7799999713897705,1.1798368692398071
,2.9999999999999997e-05,44577,,,,,,
127,,44599,,,0.9921875,0.026077719405293465,,
127,,44649,,,0.9921875,0.01872599869966507,,
127,,44699,,,0.9921875,0.022789308801293373,,
127,,44749,,,1.0,0.00874592550098896,,
127,,44799,,,1.0,0.011060448363423347,,
127,,44849,,,0.984375,0.028131864964962006,,
127,,44899,,,0.9921875,0.02320086397230625,,
127,,44927,,,,,0.7797999978065491,1.1789828538894653
,2.9999999999999997e-05,44928,,,,,,
128,,44949,,,1.0,0.011899814940989017,,
128,,44999,,,1.0,0.015925254672765732,,
128,,45049,,,1.0,0.009443117305636406,,
128,,45099,,,1.0,0.021099403500556946,,
128,,45149,,,0.9921875,0.020899083465337753,,
128,,45199,,,0.9921875,0.05828213319182396,,
128,,45249,,,0.9921875,0.008204245939850807,,
128,,45278,,,,,0.7833999991416931,1.1910529136657715
,2.9999999999999997e-05,45279,,,,,,
129,,45299,,,0.984375,0.050661489367485046,,
129,,45349,,,1.0,0.003531788010150194,,
129,,45399,,,1.0,0.011007596738636494,,
129,,45449,,,1.0,0.012701984494924545,,
129,,45499,,,0.9921875,0.021774346008896828,,
129,,45549,,,1.0,0.007156161591410637,,
129,,45599,,,0.9921875,0.022008687257766724,,
129,,45629,,,,,0.7797999978065491,1.1958491802215576
,2.9999999999999997e-05,45630,,,,,,
130,,45649,,,1.0,0.003654051572084427,,
130,,45699,,,0.984375,0.041106682270765305,,
130,,45749,,,1.0,0.013430447317659855,,
130,,45799,,,1.0,0.009433124214410782,,
130,,45849,,,1.0,0.01646384224295616,,
130,,45899,,,1.0,0.013432060368359089,,
130,,45949,,,0.9921875,0.013220606371760368,,
130,,45980,,,,,0.7814000248908997,1.1855173110961914
,2.9999999999999997e-05,45981,,,,,,
131,,45999,,,0.9921875,0.024130042642354965,,
131,,46049,,,0.9921875,0.01944560743868351,,
131,,46099,,,1.0,0.011674734763801098,,
131,,46149,,,0.9921875,0.02339230477809906,,
131,,46199,,,1.0,0.019025424495339394,,
131,,46249,,,1.0,0.014200501143932343,,
131,,46299,,,0.984375,0.03558022156357765,,
131,,46331,,,,,0.7803999781608582,1.2089015245437622
,2.9999999999999997e-05,46332,,,,,,
132,,46349,,,1.0,0.00989246740937233,,
132,,46399,,,0.9921875,0.018910327926278114,,
132,,46449,,,0.9921875,0.012852036394178867,,
132,,46499,,,0.9921875,0.028730155900120735,,
132,,46549,,,0.9765625,0.03226614370942116,,
132,,46599,,,0.9921875,0.03045688569545746,,
132,,46649,,,0.9921875,0.01524695847183466,,
132,,46682,,,,,0.7785999774932861,1.2122607231140137
,2.9999999999999997e-05,46683,,,,,,
133,,46699,,,1.0,0.00770810479298234,,
133,,46749,,,0.9921875,0.03125736862421036,,
133,,46799,,,0.9921875,0.0515463650226593,,
133,,46849,,,0.9921875,0.028595322743058205,,
133,,46899,,,1.0,0.017480794340372086,,
133,,46949,,,0.984375,0.042251210659742355,,
133,,46999,,,0.9765625,0.03599441796541214,,
133,,47033,,,,,0.7857999801635742,1.2051485776901245
,2.9999999999999997e-05,47034,,,,,,
134,,47049,,,0.984375,0.044607557356357574,,
134,,47099,,,1.0,0.006490135565400124,,
134,,47149,,,1.0,0.009748987853527069,,
134,,47199,,,0.984375,0.029099714010953903,,
134,,47249,,,0.9921875,0.026139916852116585,,
134,,47299,,,0.9921875,0.034398067742586136,,
134,,47349,,,1.0,0.006100123282521963,,
134,,47384,,,,,0.7802000045776367,1.2104617357254028
,2.9999999999999997e-05,47385,,,,,,
135,,47399,,,1.0,0.0044293999671936035,,
135,,47449,,,1.0,0.01555431168526411,,
135,,47499,,,0.9921875,0.020396070554852486,,
135,,47549,,,0.9921875,0.03587903827428818,,
135,,47599,,,1.0,0.010504509322345257,,
135,,47649,,,1.0,0.016813840717077255,,
135,,47699,,,0.9921875,0.01758609153330326,,
135,,47735,,,,,0.784600019454956,1.1939408779144287
,2.9999999999999997e-05,47736,,,,,,
136,,47749,,,0.984375,0.025393472984433174,,
136,,47799,,,1.0,0.005016619339585304,,
136,,47849,,,0.984375,0.049729686230421066,,
136,,47899,,,0.984375,0.01831177994608879,,
136,,47949,,,0.984375,0.06915327906608582,,
136,,47999,,,0.9765625,0.0792604461312294,,
136,,48049,,,1.0,0.0032267312053591013,,
136,,48086,,,,,0.7811999917030334,1.2152780294418335
,2.9999999999999997e-05,48087,,,,,,
137,,48099,,,1.0,0.01567874662578106,,
137,,48149,,,0.984375,0.02852339670062065,,
137,,48199,,,0.984375,0.0408041775226593,,
137,,48249,,,0.9765625,0.03839966282248497,,
137,,48299,,,1.0,0.011337777599692345,,
137,,48349,,,0.9921875,0.022220365703105927,,
137,,48399,,,1.0,0.010797158814966679,,
137,,48437,,,,,0.7825999855995178,1.2255845069885254
,2.9999999999999997e-05,48438,,,,,,
138,,48449,,,0.984375,0.06311356276273727,,
138,,48499,,,0.984375,0.043869588524103165,,
138,,48549,,,0.9921875,0.012134110555052757,,
138,,48599,,,0.984375,0.036293771117925644,,
138,,48649,,,0.9921875,0.017368782311677933,,
138,,48699,,,0.9765625,0.04840412363409996,,
138,,48749,,,1.0,0.004334460478276014,,
138,,48788,,,,,0.7807999849319458,1.2218410968780518
,2.9999999999999997e-05,48789,,,,,,
139,,48799,,,1.0,0.008223329670727253,,
139,,48849,,,1.0,0.012281140312552452,,
139,,48899,,,0.9921875,0.017153151333332062,,
139,,48949,,,0.9921875,0.019428640604019165,,
139,,48999,,,1.0,0.009870855137705803,,
139,,49049,,,1.0,0.00857374258339405,,
139,,49099,,,1.0,0.011050816625356674,,
139,,49139,,,,,0.7829999923706055,1.2271113395690918
,2.9999999999999997e-05,49140,,,,,,
140,,49149,,,0.9921875,0.027208684012293816,,
140,,49199,,,0.9921875,0.023686952888965607,,
140,,49249,,,0.9921875,0.024107562378048897,,
140,,49299,,,0.9921875,0.03909371793270111,,
140,,49349,,,1.0,0.008664075285196304,,
140,,49399,,,0.9921875,0.031093167141079903,,
140,,49449,,,0.984375,0.033180203288793564,,
140,,49490,,,,,0.784600019454956,1.248232364654541
,2.9999999999999997e-05,49491,,,,,,
141,,49499,,,1.0,0.008392568677663803,,
141,,49549,,,1.0,0.016036026179790497,,
141,,49599,,,0.9921875,0.020818762481212616,,
141,,49649,,,0.9765625,0.05073029175400734,,
141,,49699,,,0.984375,0.05043969303369522,,
141,,49749,,,0.9765625,0.055335257202386856,,
141,,49799,,,0.9921875,0.03679434210062027,,
141,,49841,,,,,0.7821999788284302,1.2433433532714844
,2.9999999999999997e-05,49842,,,,,,
142,,49849,,,0.9765625,0.03744760900735855,,
142,,49899,,,0.984375,0.03660587593913078,,
142,,49949,,,0.9921875,0.01555391401052475,,
142,,49999,,,0.9921875,0.014570252038538456,,
142,,50049,,,0.9921875,0.02442038618028164,,
142,,50099,,,1.0,0.004817239940166473,,
142,,50149,,,0.984375,0.04918038472533226,,
142,,50192,,,,,0.77920001745224,1.2474172115325928
,2.9999999999999997e-05,50193,,,,,,
143,,50199,,,0.9921875,0.027647819370031357,,
143,,50249,,,0.96875,0.045233260840177536,,
143,,50299,,,0.9921875,0.021902456879615784,,
143,,50349,,,1.0,0.013138337060809135,,
143,,50399,,,1.0,0.010661422275006771,,
143,,50449,,,0.9921875,0.014959038235247135,,
143,,50499,,,1.0,0.010594342835247517,,
143,,50543,,,,,0.7829999923706055,1.2433565855026245
,2.9999999999999997e-05,50544,,,,,,
144,,50549,,,0.984375,0.059192486107349396,,
144,,50599,,,1.0,0.006746320985257626,,
144,,50649,,,0.9921875,0.02648346871137619,,
144,,50699,,,0.9921875,0.028162701055407524,,
144,,50749,,,0.9921875,0.03479686751961708,,
144,,50799,,,0.9921875,0.020299319177865982,,
144,,50849,,,0.984375,0.022939953953027725,,
144,,50894,,,,,0.7835999727249146,1.2493929862976074
,2.9999999999999997e-05,50895,,,,,,
145,,50899,,,1.0,0.00504983589053154,,
145,,50949,,,1.0,0.01064167357981205,,
145,,50999,,,0.9921875,0.010814141482114792,,
145,,51049,,,0.984375,0.04897962138056755,,
145,,51099,,,1.0,0.003705748124048114,,
145,,51149,,,0.9921875,0.029079072177410126,,
145,,51199,,,0.9921875,0.018420478329062462,,
145,,51245,,,,,0.7821999788284302,1.2557545900344849
,2.9999999999999997e-05,51246,,,,,,
146,,51249,,,1.0,0.008177075535058975,,
146,,51299,,,0.9921875,0.016098661348223686,,
146,,51349,,,0.9765625,0.03236333280801773,,
146,,51399,,,1.0,0.00823394488543272,,
146,,51449,,,1.0,0.008793096989393234,,
146,,51499,,,1.0,0.003440038999542594,,
146,,51549,,,0.9921875,0.04176663979887962,,
146,,51596,,,,,0.7817999720573425,1.2646602392196655
,2.9999999999999997e-05,51597,,,,,,
147,,51599,,,1.0,0.015285303816199303,,
147,,51649,,,0.9921875,0.01891501620411873,,
147,,51699,,,1.0,0.004384178668260574,,
147,,51749,,,0.9921875,0.023575816303491592,,
147,,51799,,,1.0,0.0051432764157652855,,
147,,51849,,,1.0,0.005564085207879543,,
147,,51899,,,0.984375,0.0347929485142231,,
147,,51947,,,,,0.7802000045776367,1.2687574625015259
,2.9999999999999997e-05,51948,,,,,,
148,,51949,,,0.9921875,0.014267352409660816,,
148,,51999,,,1.0,0.007168534677475691,,
148,,52049,,,1.0,0.004854192957282066,,
148,,52099,,,1.0,0.006233895197510719,,
148,,52149,,,1.0,0.009628556668758392,,
148,,52199,,,0.9921875,0.018804674968123436,,
148,,52249,,,1.0,0.011776833795011044,,
148,,52298,,,,,0.781000018119812,1.2574700117111206
,2.9999999999999997e-05,52299,,,,,,
149,,52299,,,1.0,0.005103975534439087,,
149,,52349,,,1.0,0.00931508094072342,,
149,,52399,,,0.9921875,0.011610103771090508,,
149,,52449,,,0.984375,0.023295976221561432,,
149,,52499,,,0.9921875,0.016302440315485,,
149,,52549,,,0.9765625,0.11563914269208908,,
149,,52599,,,0.9921875,0.010709035210311413,,
149,,52649,,,0.9921875,0.06074933335185051,,
149,,52649,,,,,0.7796000242233276,1.2497690916061401
,3e-06,52650,,,,,,
150,,52699,,,0.9921875,0.02668089233338833,,
150,,52749,,,0.9921875,0.01786731369793415,,
150,,52799,,,1.0,0.011556757614016533,,
150,,52849,,,1.0,0.005084288772195578,,
150,,52899,,,0.9921875,0.015085624530911446,,
150,,52949,,,0.984375,0.03527267277240753,,
150,,52999,,,1.0,0.01303007546812296,,
150,,53000,,,,,0.7825999855995178,1.2422302961349487
,3e-06,53001,,,,,,
151,,53049,,,0.9921875,0.010878942906856537,,
151,,53099,,,0.9921875,0.014556503854691982,,
151,,53149,,,1.0,0.004085708409547806,,
151,,53199,,,0.96875,0.03965377435088158,,
151,,53249,,,1.0,0.01085336972028017,,
151,,53299,,,1.0,0.009421966038644314,,
151,,53349,,,1.0,0.011115722358226776,,
151,,53351,,,,,0.7835999727249146,1.240523338317871
,3e-06,53352,,,,,,
152,,53399,,,0.984375,0.03489413857460022,,
152,,53449,,,0.9921875,0.013154233805835247,,
152,,53499,,,0.9921875,0.02522982284426689,,
152,,53549,,,1.0,0.0028087457176297903,,
152,,53599,,,1.0,0.012538433074951172,,
152,,53649,,,1.0,0.01025381963700056,,
152,,53699,,,1.0,0.003839279292151332,,
152,,53702,,,,,0.7821999788284302,1.240333080291748
,3e-06,53703,,,,,,
153,,53749,,,0.9921875,0.0424937903881073,,
153,,53799,,,0.9921875,0.025447582826018333,,
153,,53849,,,1.0,0.0030480981804430485,,
153,,53899,,,0.9921875,0.02072826214134693,,
153,,53949,,,1.0,0.008718414232134819,,
153,,53999,,,0.984375,0.01836942695081234,,
153,,54049,,,1.0,0.019330522045493126,,
153,,54053,,,,,0.7829999923706055,1.2409132719039917
,3e-06,54054,,,,,,
154,,54099,,,0.9921875,0.03477025404572487,,
154,,54149,,,0.9921875,0.012361198663711548,,
154,,54199,,,0.984375,0.05188986659049988,,
154,,54249,,,1.0,0.01057090237736702,,
154,,54299,,,1.0,0.010126873850822449,,
154,,54349,,,1.0,0.006257446948438883,,
154,,54399,,,0.984375,0.05262944847345352,,
154,,54404,,,,,0.7833999991416931,1.242470145225525
,3e-06,54405,,,,,,
155,,54449,,,0.9765625,0.045724887400865555,,
155,,54499,,,0.984375,0.029468810185790062,,
155,,54549,,,1.0,0.008934404700994492,,
155,,54599,,,0.9921875,0.013563884422183037,,
155,,54649,,,1.0,0.007306073326617479,,
155,,54699,,,0.9921875,0.014956971630454063,,
155,,54749,,,0.9921875,0.02114606462419033,,
155,,54755,,,,,0.7824000120162964,1.2415814399719238
,3e-06,54756,,,,,,
156,,54799,,,0.9921875,0.02248319797217846,,
156,,54849,,,1.0,0.007357900030910969,,
156,,54899,,,1.0,0.014498895034193993,,
156,,54949,,,0.9921875,0.01307666301727295,,
156,,54999,,,0.984375,0.029526514932513237,,
156,,55049,,,1.0,0.004561709240078926,,
156,,55099,,,0.9921875,0.028022345155477524,,
156,,55106,,,,,0.7833999991416931,1.2428975105285645
,3e-06,55107,,,,,,
157,,55149,,,1.0,0.0044009992852807045,,
157,,55199,,,1.0,0.003527711145579815,,
157,,55249,,,1.0,0.0086072301492095,,
157,,55299,,,0.984375,0.07661780714988708,,
157,,55349,,,0.9921875,0.015082970261573792,,
157,,55399,,,1.0,0.011805287562310696,,
157,,55449,,,1.0,0.006981403101235628,,
157,,55457,,,,,0.7803999781608582,1.2459697723388672
,3e-06,55458,,,,,,
158,,55499,,,0.9765625,0.05368351936340332,,
158,,55549,,,1.0,0.007291004061698914,,
158,,55599,,,1.0,0.01892487332224846,,
158,,55649,,,1.0,0.011926714330911636,,
158,,55699,,,1.0,0.012893474660813808,,
158,,55749,,,1.0,0.01361008733510971,,
158,,55799,,,1.0,0.0030158061999827623,,
158,,55808,,,,,0.7820000052452087,1.2486412525177002
,3e-06,55809,,,,,,
159,,55849,,,1.0,0.008393642492592335,,
159,,55899,,,1.0,0.006455412600189447,,
159,,55949,,,1.0,0.01049452368170023,,
159,,55999,,,0.984375,0.016390996053814888,,
159,,56049,,,0.9921875,0.010004953481256962,,
159,,56099,,,1.0,0.011685552075505257,,
159,,56149,,,0.9921875,0.016091996803879738,,
159,,56159,,,,,0.7811999917030334,1.2463265657424927
,3e-06,56160,,,,,,
160,,56199,,,0.9921875,0.020411645993590355,,
160,,56249,,,1.0,0.004946617409586906,,
160,,56299,,,1.0,0.008914897218346596,,
160,,56349,,,1.0,0.005380403716117144,,
160,,56399,,,0.9921875,0.052683282643556595,,
160,,56449,,,0.9921875,0.0225880965590477,,
160,,56499,,,1.0,0.007248869631439447,,
160,,56510,,,,,0.7811999917030334,1.2458587884902954
,3e-06,56511,,,,,,
161,,56549,,,1.0,0.015333994291722775,,
161,,56599,,,0.9921875,0.022746775299310684,,
161,,56649,,,1.0,0.007524265442043543,,
161,,56699,,,1.0,0.011741820722818375,,
161,,56749,,,0.9921875,0.011488634161651134,,
161,,56799,,,0.984375,0.01685718633234501,,
161,,56849,,,0.9921875,0.01148132048547268,,
161,,56861,,,,,0.7820000052452087,1.2478656768798828
,3e-06,56862,,,,,,
162,,56899,,,1.0,0.01034143939614296,,
162,,56949,,,0.984375,0.031016679480671883,,
162,,56999,,,1.0,0.0028779152780771255,,
162,,57049,,,0.9921875,0.012369014322757721,,
162,,57099,,,1.0,0.007410351186990738,,
162,,57149,,,1.0,0.01034546922892332,,
162,,57199,,,1.0,0.006374053657054901,,
162,,57212,,,,,0.7825999855995178,1.2505360841751099
,3e-06,57213,,,,,,
163,,57249,,,0.9921875,0.023733124136924744,,
163,,57299,,,1.0,0.0034754136577248573,,
163,,57349,,,1.0,0.005336779169738293,,
163,,57399,,,0.9921875,0.04748149216175079,,
163,,57449,,,1.0,0.009262959472835064,,
163,,57499,,,1.0,0.010571818798780441,,
163,,57549,,,1.0,0.010680409148335457,,
163,,57563,,,,,0.7820000052452087,1.2521562576293945
,3e-06,57564,,,,,,
164,,57599,,,1.0,0.009058583527803421,,
164,,57649,,,1.0,0.0020831814035773277,,
164,,57699,,,1.0,0.005840740166604519,,
164,,57749,,,0.9921875,0.023880023509263992,,
164,,57799,,,0.9921875,0.03610159084200859,,
164,,57849,,,0.9921875,0.02193894237279892,,
164,,57899,,,0.9921875,0.013575226999819279,,
164,,57914,,,,,0.7824000120162964,1.2518130540847778
,3e-06,57915,,,,,,
165,,57949,,,0.9921875,0.025930438190698624,,
165,,57999,,,0.984375,0.06275298446416855,,
165,,58049,,,1.0,0.010554571636021137,,
165,,58099,,,0.9921875,0.037404704838991165,,
165,,58149,,,1.0,0.008927026763558388,,
165,,58199,,,0.9921875,0.018696488812565804,,
165,,58249,,,1.0,0.006132600363343954,,
165,,58265,,,,,0.7821999788284302,1.2518349885940552
,3e-06,58266,,,,,,
166,,58299,,,1.0,0.00950445607304573,,
166,,58349,,,1.0,0.005349110346287489,,
166,,58399,,,0.9921875,0.02912709303200245,,
166,,58449,,,0.984375,0.04233003035187721,,
166,,58499,,,0.9921875,0.015594014897942543,,
166,,58549,,,0.984375,0.03280734270811081,,
166,,58599,,,0.9921875,0.018205534666776657,,
166,,58616,,,,,0.7824000120162964,1.2533621788024902
,3e-06,58617,,,,,,
167,,58649,,,1.0,0.007921470329165459,,
167,,58699,,,1.0,0.014260816387832165,,
167,,58749,,,1.0,0.002406836487352848,,
167,,58799,,,0.984375,0.027619490399956703,,
167,,58849,,,0.9921875,0.03230145573616028,,
167,,58899,,,1.0,0.0039790719747543335,,
167,,58949,,,0.9921875,0.0227140374481678,,
167,,58967,,,,,0.7815999984741211,1.2522531747817993
,3e-06,58968,,,,,,
168,,58999,,,0.9921875,0.016453618183732033,,
168,,59049,,,1.0,0.0023776390589773655,,
168,,59099,,,0.9921875,0.01237073726952076,,
168,,59149,,,0.9921875,0.020732037723064423,,
168,,59199,,,1.0,0.010407675057649612,,
168,,59249,,,0.9921875,0.027007589116692543,,
168,,59299,,,1.0,0.006063507404178381,,
168,,59318,,,,,0.7824000120162964,1.252810001373291
,3e-06,59319,,,,,,
169,,59349,,,0.9921875,0.0243925079703331,,
169,,59399,,,1.0,0.0036629310343414545,,
169,,59449,,,1.0,0.008147862739861012,,
169,,59499,,,0.9921875,0.020104482769966125,,
169,,59549,,,1.0,0.00877948384732008,,
169,,59599,,,1.0,0.009203493595123291,,
169,,59649,,,1.0,0.009115936234593391,,
169,,59669,,,,,0.7820000052452087,1.2540886402130127
,3e-06,59670,,,,,,
170,,59699,,,0.9921875,0.021927257999777794,,
170,,59749,,,0.9921875,0.031424205750226974,,
170,,59799,,,0.9921875,0.013539787381887436,,
170,,59849,,,0.9921875,0.013970215804874897,,
170,,59899,,,1.0,0.005709231365472078,,
170,,59949,,,0.984375,0.0230594202876091,,
170,,59999,,,1.0,0.007771758828312159,,
170,,60020,,,,,0.7835999727249146,1.2558156251907349
,3e-06,60021,,,,,,
171,,60049,,,1.0,0.004266236908733845,,
171,,60099,,,0.9921875,0.025880761444568634,,
171,,60149,,,0.9921875,0.010198799893260002,,
171,,60199,,,1.0,0.007943524047732353,,
171,,60249,,,0.9921875,0.023074185475707054,,
171,,60299,,,0.9921875,0.012598620727658272,,
171,,60349,,,1.0,0.004158985335379839,,
171,,60371,,,,,0.7821999788284302,1.2531901597976685
,3e-06,60372,,,,,,
172,,60399,,,0.9921875,0.009415310807526112,,
172,,60449,,,1.0,0.0038597695529460907,,
172,,60499,,,1.0,0.004426708910614252,,
172,,60549,,,1.0,0.008573423139750957,,
172,,60599,,,1.0,0.0070557622238993645,,
172,,60649,,,1.0,0.005007969681173563,,
172,,60699,,,0.9921875,0.024892695248126984,,
172,,60722,,,,,0.7821999788284302,1.2535028457641602
,3e-06,60723,,,,,,
173,,60749,,,1.0,0.005744942929595709,,
173,,60799,,,1.0,0.0028831432573497295,,
173,,60849,,,1.0,0.007914353162050247,,
173,,60899,,,1.0,0.016733646392822266,,
173,,60949,,,0.9765625,0.05369919538497925,,
173,,60999,,,1.0,0.006343746557831764,,
173,,61049,,,0.9921875,0.026327218860387802,,
173,,61073,,,,,0.7832000255584717,1.258552074432373
,3e-06,61074,,,,,,
174,,61099,,,0.9921875,0.012303922325372696,,
174,,61149,,,1.0,0.006303729955106974,,
174,,61199,,,1.0,0.010698648169636726,,
174,,61249,,,1.0,0.005700885318219662,,
174,,61299,,,0.9921875,0.0162981990724802,,
174,,61349,,,1.0,0.004529326688498259,,
174,,61399,,,1.0,0.007092665880918503,,
174,,61424,,,,,0.7839999794960022,1.2599700689315796
,3e-06,61425,,,,,,
175,,61449,,,1.0,0.006574288010597229,,
175,,61499,,,0.9921875,0.04769604280591011,,
175,,61549,,,1.0,0.003443589899688959,,
175,,61599,,,1.0,0.0034263250418007374,,
175,,61649,,,1.0,0.006541931536048651,,
175,,61699,,,1.0,0.0023404022213071585,,
175,,61749,,,1.0,0.012716270051896572,,
175,,61775,,,,,0.7833999991416931,1.2591989040374756
,3e-06,61776,,,,,,
176,,61799,,,1.0,0.01519143208861351,,
176,,61849,,,1.0,0.010403074324131012,,
176,,61899,,,1.0,0.007659795228391886,,
176,,61949,,,0.9921875,0.0346762016415596,,
176,,61999,,,1.0,0.0057985130697488785,,
176,,62049,,,1.0,0.009277218021452427,,
176,,62099,,,1.0,0.012544568628072739,,
176,,62126,,,,,0.7829999923706055,1.26044762134552
,3e-06,62127,,,,,,
177,,62149,,,1.0,0.004986290819942951,,
177,,62199,,,1.0,0.0074556730687618256,,
177,,62249,,,1.0,0.0065309167839586735,,
177,,62299,,,0.9921875,0.03491489961743355,,
177,,62349,,,0.9921875,0.023704329505562782,,
177,,62399,,,0.9921875,0.015293082222342491,,
177,,62449,,,1.0,0.0077589331194758415,,
177,,62477,,,,,0.7833999991416931,1.257690191268921
,3e-06,62478,,,,,,
178,,62499,,,1.0,0.0067546432837843895,,
178,,62549,,,0.984375,0.05900435149669647,,
178,,62599,,,1.0,0.010170498862862587,,
178,,62649,,,1.0,0.00092939508613199,,
178,,62699,,,1.0,0.00451256986707449,,
178,,62749,,,1.0,0.015305960550904274,,
178,,62799,,,1.0,0.007015193346887827,,
178,,62828,,,,,0.782800018787384,1.2534064054489136
,3e-06,62829,,,,,,
179,,62849,,,1.0,0.006006794981658459,,
179,,62899,,,1.0,0.005994104780256748,,
179,,62949,,,1.0,0.008624785579741001,,
179,,62999,,,1.0,0.006597861181944609,,
179,,63049,,,1.0,0.010514209046959877,,
179,,63099,,,1.0,0.006713921204209328,,
179,,63149,,,1.0,0.0017768703401088715,,
179,,63179,,,,,0.7825999855995178,1.2568784952163696
180,,63180,0.7857999801635742,1.2051485776901245,,,,
180,,63180,0.7691999673843384,1.2650871276855469,,,,
